id,target
2142,4
3846,0
6177,4
11779,2
1593,0
14748,2
11962,1
3464,0
12335,4
8760,0
7516,0
901,2
6254,3
2588,2
1471,1
3368,1
12929,3
913,0
4245,0
12917,2
14499,1
6833,3
5366,2
7432,0
8247,0
11905,4
11551,2
6156,1
1109,0
9402,1
10371,0
13591,4
14529,1
355,0
12893,0
8715,3
1520,2
9585,4
10131,4
3399,1
9207,4
6531,4
2897,1
11846,4
12614,3
2155,3
169,1
992,0
4027,0
10783,2
670,2
14809,0
4748,4
10629,4
11913,1
12869,4
8473,4
10590,0
3185,0
4653,0
9026,1
12369,0
13440,3
5341,2
4768,4
5348,0
13400,1
8962,0
68,0
8110,0
14990,3
5764,3
216,2
12418,0
650,0
4452,4
6605,4
13060,0
14260,2
9035,1
11182,4
3819,0
10739,0
6032,0
5645,3
14707,4
3196,0
13507,0
12679,0
3098,0
724,4
9872,0
7131,4
7062,0
667,0
6016,0
2953,2
5521,0
13518,0
3014,0
4949,1
573,0
9229,0
2197,1
5898,0
8616,4
13387,0
11591,0
12134,3
1864,1
2989,2
5894,0
10205,4
13194,4
4095,3
13195,0
210,0
317,0
10290,4
13670,4
5168,0
11039,0
11786,0
1912,2
12932,0
6135,0
12752,0
10200,4
11750,2
11020,0
6130,0
1521,2
4435,0
7522,0
138,1
6494,0
5067,0
11567,4
3164,2
5509,4
9992,4
2940,1
11612,2
8798,0
7055,0
2627,1
9572,0
11471,0
12360,4
4953,0
2737,0
12813,1
6344,1
6301,1
4997,0
11933,1
5183,2
5635,1
4211,2
14837,4
5601,1
9283,0
13083,2
13105,2
13969,1
3362,4
13265,0
11206,0
12636,4
11157,0
10855,0
3147,4
8262,0
14218,4
13120,1
10666,4
14045,0
4846,2
4454,0
1291,0
9206,1
12290,0
7618,0
8016,0
9261,3
10844,4
3499,3
2191,1
10621,0
5358,0
3036,2
11620,0
13890,0
11178,0
11441,4
6093,1
2982,3
10203,0
8943,0
9747,4
2016,2
8506,0
4989,3
1535,0
10699,4
6743,0
5173,0
4898,1
6572,4
12140,4
7861,3
14592,0
1187,0
12411,0
14502,0
7074,4
13646,1
4135,4
6351,1
7399,0
4699,1
1759,3
12839,2
6891,1
8651,2
100,0
3506,0
10193,2
8475,0
12315,0
7990,3
2066,0
14936,1
5691,0
3169,0
14935,0
11849,0
3775,0
4403,0
10069,2
10837,3
7993,0
3518,2
12782,4
12031,0
13168,3
174,0
663,4
8242,3
11395,0
3030,0
532,3
6982,1
1079,0
1304,0
8686,0
13627,0
5869,0
11984,2
5380,2
487,3
7352,4
2075,4
164,1
14517,1
12120,0
1907,0
3833,0
5226,0
13999,0
429,4
2521,3
3908,1
10447,2
7645,0
669,0
1571,0
12645,2
14715,0
9896,2
5526,0
83,0
4550,1
4061,0
15,2
14236,0
11399,1
8693,3
6901,2
7904,1
10843,4
14053,0
2921,1
3865,0
3496,1
3612,0
14941,1
7346,2
13844,2
14779,0
7438,0
10457,4
4359,2
3366,4
11646,2
7824,0
3614,0
8182,0
7214,0
4810,0
8940,0
12699,0
11810,0
9508,0
1942,0
9546,0
6136,1
14184,2
13230,0
613,0
9315,0
3508,2
1241,0
14851,3
5789,2
8606,2
11121,2
11952,2
7325,0
14532,0
463,1
7573,2
1541,2
6914,1
4686,0
12577,0
6087,0
3490,1
4482,1
1181,0
3915,4
2797,0
3361,4
14375,0
14952,0
7313,1
241,0
11428,4
7265,0
12847,4
6392,2
1984,0
9071,0
2122,4
10234,0
7357,0
11830,0
14868,1
10751,0
14390,0
3507,0
3921,4
458,1
9231,0
5002,4
3876,3
9370,0
14956,2
11401,1
14444,2
9697,0
3260,0
2235,2
7411,4
8045,0
5949,4
13769,1
1200,0
3815,4
14326,4
11907,0
6522,4
9940,0
1607,1
2992,0
14576,0
13158,3
9353,1
11339,3
9706,0
6440,2
2885,4
1232,3
1793,1
14312,0
5860,1
5479,0
11076,4
2755,0
6346,1
3666,4
5678,3
1006,0
8320,0
11276,0
1989,0
11023,1
8720,4
9529,0
4481,0
544,3
58,0
10344,0
556,4
11468,0
14058,0
6754,0
12831,0
11781,0
14693,3
5351,2
2929,0
14050,4
6447,0
10327,2
8286,4
8533,0
10497,0
8566,2
508,0
6487,0
14175,0
13321,0
4261,0
836,0
11079,3
10548,0
7581,0
8013,1
1666,0
1157,1
3935,0
11712,4
3667,3
2650,0
4639,4
9434,3
5272,0
2154,0
1155,0
12089,4
7895,2
435,0
3852,2
801,3
14795,3
12336,0
5783,4
1923,4
604,4
4146,2
4735,1
946,0
8296,4
9902,2
8975,2
3347,0
4150,4
14498,0
6677,2
14212,4
11179,2
11030,0
7514,0
6854,0
13699,0
1201,0
5171,2
9708,0
8459,0
14553,0
11004,0
12269,0
4023,4
13381,1
9700,0
1305,2
6083,3
7440,1
2971,0
5700,1
13538,0
13748,4
9904,2
6383,1
13218,2
11075,0
1320,0
9093,0
539,1
13753,0
9224,1
10727,2
3205,2
3986,0
9795,4
10137,0
7247,1
6162,1
11918,1
4635,1
13253,4
8521,2
13545,0
2790,2
10540,2
12648,3
5621,0
7660,0
2157,0
9877,0
9168,0
4514,0
6602,0
3234,2
12320,4
7536,4
8882,0
82,1
1792,0
10042,0
3912,4
8343,0
7733,4
4190,0
9669,0
4252,3
13389,3
8046,2
4527,2
4906,4
10770,1
2257,4
7246,2
5387,3
9049,0
5819,1
8561,4
11138,0
9419,0
13247,0
13156,0
2561,0
3596,0
12041,0
518,0
272,2
9467,2
13200,2
10332,0
6131,1
13884,1
13582,0
141,1
436,2
1124,0
103,1
6028,0
10379,0
10522,2
11932,0
3103,0
10791,1
1357,1
13797,0
13335,3
10631,4
9483,2
10115,1
10864,2
7763,2
9372,1
3429,2
30,0
1421,4
4346,2
12759,1
1614,3
14974,4
3525,2
1740,1
3603,2
13066,2
4075,0
129,0
12574,4
4345,0
9825,1
9927,0
1508,0
14741,0
2369,2
6389,0
13657,0
11485,0
4127,2
4068,0
10541,2
2361,0
5735,0
14737,0
14432,4
10346,3
9817,0
4909,0
3929,4
12056,0
13177,0
7575,1
10981,0
9216,0
3503,1
1766,4
14496,1
8012,1
11430,0
1284,4
9223,2
14684,0
5215,3
12549,0
8085,2
8773,2
7101,2
1770,1
674,0
3713,0
9917,0
2667,4
10297,2
7663,3
1707,0
5615,2
8988,1
6043,0
6251,0
5060,4
5944,2
9670,0
9911,0
2944,0
7681,1
6298,0
2731,3
6058,1
75,4
9762,0
11131,3
7938,1
1292,4
1859,3
221,0
2239,0
7913,0
11184,3
10601,0
14012,2
7790,1
8482,0
8311,0
14234,1
14587,0
10852,4
407,4
9932,1
8155,0
4374,0
11025,0
2713,3
12817,0
4264,3
6382,1
14900,0
7103,1
9864,0
10798,0
13973,0
13145,4
564,0
5141,0
3286,1
13616,0
11172,2
4251,0
8935,0
14085,4
7456,4
11062,0
7316,2
12114,0
12724,1
14785,0
10931,1
12733,0
2339,0
2696,0
6868,1
3920,0
7429,0
5049,0
3390,2
12812,0
12982,1
6342,0
1967,0
6764,0
60,2
9562,0
12246,4
12904,0
13681,0
13436,2
8650,0
11557,3
7858,0
4471,4
8325,0
5786,1
6250,3
10356,2
1174,4
4409,3
5492,2
4283,0
7092,4
12087,0
6981,2
14519,0
11213,2
14650,3
7172,1
2326,3
6705,0
6576,1
8348,4
6104,0
849,0
5996,2
10098,4
10714,4
5590,4
7566,1
6671,4
2359,1
6323,1
8352,1
1889,0
12364,1
13042,0
4189,1
8039,0
12950,1
2645,0
3590,0
7223,4
13853,3
10330,4
9324,0
10528,1
7750,2
10317,3
14191,0
9560,0
12519,0
8595,0
9053,0
13611,2
4438,0
203,0
13096,0
14265,0
2774,2
13958,2
4821,1
13469,0
9884,0
10519,3
4805,1
5676,0
13106,1
5350,2
3588,4
14359,2
7359,0
13508,0
2697,4
3264,0
1033,1
6699,4
3186,4
12206,0
10687,0
12255,4
13723,4
5567,0
9796,0
1639,0
4919,4
12304,1
9721,2
3334,4
9078,0
12091,2
7275,3
14463,0
6459,0
3443,0
2635,0
13924,2
6695,0
12915,2
13651,2
754,2
8522,0
6578,0
7782,0
6586,0
1586,0
14134,4
6035,0
4884,1
2979,1
2514,4
8571,0
14901,2
809,0
8847,4
744,4
2675,0
5174,0
5917,0
7380,0
7911,1
3448,3
2762,2
7698,2
12949,0
3452,3
8477,0
2814,0
7161,1
14751,0
12572,1
3718,0
2807,0
7469,1
1351,1
4687,0
14152,1
3201,1
8989,2
9582,0
3597,4
10772,0
4052,0
2874,0
4226,1
14486,4
6653,4
1699,0
4515,3
5999,1
9362,0
3165,2
13014,4
9653,3
2776,0
12424,0
4289,0
4530,0
9455,0
14151,3
14947,4
14744,2
2198,0
4716,0
3237,0
12427,0
12284,2
11351,0
6566,2
3639,4
8431,3
6277,0
5107,3
7176,0
13672,0
7118,0
6377,1
5958,2
11211,0
7719,2
3271,0
13263,0
1640,0
6187,4
1445,0
4281,0
4988,2
6444,4
13047,4
3513,0
4383,0
2907,1
4903,0
6500,4
6493,1
3706,0
11824,1
7362,0
12987,1
1037,0
12124,0
8365,4
546,0
4250,4
7367,1
4249,0
2875,0
11345,1
10525,0
14769,0
13441,1
1092,0
14456,0
4343,0
11969,1
10047,0
2507,0
9568,0
2486,4
10656,0
13478,3
6515,2
1739,0
14261,1
1375,0
5908,1
8864,4
12602,0
13796,0
5831,2
4421,0
1135,0
4449,1
1228,0
14289,0
13224,0
5562,0
1426,1
9376,0
4815,0
3126,4
4247,2
9413,0
1480,0
11434,4
10398,0
13761,0
8276,4
7758,2
11901,0
2618,1
3123,4
10431,4
4119,1
7462,1
14590,0
8346,2
9215,0
10738,3
4143,3
14181,0
11640,4
14643,0
3900,0
4484,0
8167,0
9341,1
5864,0
12300,2
13949,0
794,0
3965,0
13212,3
12739,0
14652,1
1349,1
3835,2
14518,0
14964,4
14719,0
2555,3
9800,0
8770,1
346,0
942,0
7200,0
12597,0
3385,4
1315,2
1029,0
8552,0
6240,1
4623,0
11606,1
13930,1
8971,1
8377,2
1589,1
263,2
7631,4
13123,0
9085,0
14844,0
6983,0
7284,4
7276,0
4711,3
14254,4
7452,4
1295,0
2805,2
4389,0
6544,2
13770,4
6391,0
10345,4
4566,0
920,1
7047,0
558,0
10879,0
13669,2
6303,0
5334,4
11631,0
13137,0
10724,0
12261,1
5405,1
1286,0
5959,0
11478,0
13544,0
10862,0
4630,3
5624,0
3213,0
12333,0
12166,3
13121,1
398,1
5054,4
7068,3
5788,0
56,0
8664,0
5103,4
3096,1
2537,2
2935,0
10142,0
13713,0
1034,2
4101,0
7900,2
4867,0
10564,0
14688,4
8921,0
6296,0
7215,3
1098,0
6479,2
2937,3
10990,1
882,4
2581,2
5281,1
1236,1
2816,0
7691,4
8356,1
369,4
9122,3
6253,4
1902,4
14612,0
4423,0
14300,0
8476,0
11787,3
8216,0
8996,0
9869,2
8756,1
6864,0
3728,0
12420,4
11838,2
12309,0
13911,0
3437,4
11902,4
3419,0
10273,0
4265,2
14095,1
9880,1
12853,0
7689,0
311,4
12385,1
8673,1
12322,0
6486,4
13764,4
5114,4
11224,0
2270,0
6491,4
7204,0
7008,2
12410,2
5614,0
5540,0
6994,1
7348,1
6110,0
13463,0
1075,4
9095,0
10558,4
14830,2
6101,3
12101,2
9194,1
5254,0
11790,3
5306,1
9062,4
8809,0
7982,0
10752,4
944,4
8932,0
5148,0
8478,4
894,4
11723,0
4028,0
2753,0
657,2
13819,4
2141,1
3105,4
11845,3
10477,1
1125,0
12037,0
1822,0
13675,4
671,4
4892,2
133,0
2699,0
855,4
8801,0
9818,4
4367,0
344,0
4820,0
3202,2
11417,2
7654,1
11891,0
5646,4
9140,0
10218,0
3430,1
11349,0
12319,0
4564,2
8215,0
8596,1
12242,4
10813,4
14697,1
10876,3
4269,2
5584,4
1138,0
14413,1
9301,1
11275,0
8743,0
11936,0
880,1
2917,3
11167,0
7358,0
6297,4
9654,4
11305,1
8073,2
12809,0
812,1
10675,0
8846,1
7940,0
8177,0
8731,2
14304,0
13603,1
6550,1
5568,0
265,0
682,2
6498,2
14211,3
2350,0
3246,4
7369,1
9857,0
10711,0
8127,0
3245,1
8727,0
10409,4
322,0
5636,0
6061,3
7735,4
4201,4
10434,1
4891,4
8886,1
2733,2
4968,0
9343,0
3285,0
5330,0
1884,0
2452,2
912,0
4058,3
2052,0
14238,1
13022,0
14021,0
5065,0
1831,0
930,0
9043,1
2994,0
7734,0
8553,4
8885,0
10983,4
8768,2
4469,0
2212,0
9681,4
3722,0
3611,0
8628,0
6600,0
14439,1
8065,0
4304,2
4875,0
523,0
13730,0
12683,0
3992,0
9142,0
6490,4
14811,4
13100,0
11665,3
4093,0
736,1
12473,1
7885,3
4457,0
13918,0
5588,1
14358,0
6701,0
8437,0
8261,0
12871,0
10242,0
10856,0
5163,2
619,3
8871,1
5648,0
8681,0
10433,3
10400,4
7406,1
1877,4
1009,0
866,3
7640,3
4751,0
5160,0
14911,3
918,0
8611,1
7558,2
6053,3
13909,3
3048,0
5449,0
608,1
14512,3
4240,0
1049,0
6349,4
8575,1
4461,0
8568,2
7797,1
13810,1
2777,1
9038,0
11091,4
13467,3
12711,4
8789,2
10063,0
14980,0
3470,3
2957,1
10044,2
2163,0
2460,0
7382,1
1968,0
8403,1
3744,0
13617,0
10599,4
11316,3
8728,2
4510,0
8969,4
4229,3
10245,1
1053,2
1490,4
1661,2
5433,4
330,0
4062,2
3467,0
1698,0
11320,0
5175,0
10178,0
13992,3
9202,0
6736,0
4645,0
4364,0
10571,2
4301,2
1978,4
6096,0
8047,0
2574,0
2583,0
13527,0
12681,0
4050,0
10735,0
4051,4
128,0
8119,0
11986,4
1209,0
10080,4
5288,0
13038,0
11116,2
14774,1
11527,0
12297,0
8551,0
6733,0
11505,3
6143,0
10422,4
235,0
10339,4
9447,0
6266,4
1533,0
2134,0
2436,0
11708,0
7850,2
9831,4
7056,0
10353,1
1206,1
8685,0
4568,0
12651,3
1786,4
8827,0
12803,1
6630,4
5649,0
7540,0
2390,0
6367,0
3291,1
14892,3
5537,3
8793,0
581,0
9374,0
1910,2
13496,1
6119,3
11260,0
5887,3
14528,3
13963,0
9634,4
1954,0
13956,0
5834,0
2649,3
4541,0
9318,0
4255,2
7901,2
7614,0
782,0
14026,0
4430,0
10626,0
9959,4
1296,0
4307,0
12835,0
9371,0
5483,4
11376,1
302,4
7206,4
14075,0
493,0
3392,4
2589,0
9397,0
347,0
7213,1
13176,0
5986,0
9269,0
13914,0
10811,0
7303,0
9031,0
90,0
8200,0
4600,1
5544,0
12595,2
9684,0
150,0
7171,2
13597,4
8191,2
12316,4
8920,1
7860,0
13703,0
4431,2
163,0
827,0
5581,0
3795,0
8293,4
12968,0
12543,4
11163,0
3512,0
4692,0
4386,1
11464,1
7344,0
7740,1
8498,0
941,2
13576,0
14962,3
12323,1
6583,3
9452,2
5830,4
9887,0
11164,3
7321,2
2033,2
1207,1
9947,0
9953,0
3411,1
6374,3
6067,0
5210,0
7379,2
4640,3
10103,1
14208,4
3556,0
12692,3
13330,0
10700,0
12779,1
7626,2
3219,4
307,0
3424,1
13392,0
2535,0
2570,0
5014,2
6638,0
14205,0
3039,0
10354,2
2966,0
11347,0
7287,0
72,0
14551,1
10681,0
8624,1
7337,0
6158,0
5989,1
6085,4
3817,3
12971,0
2024,2
1916,1
6184,0
10045,0
6628,0
13952,0
1870,4
13832,0
1313,0
14895,0
354,1
3532,0
1061,4
1976,2
8330,0
1498,0
4089,0
7100,0
12057,0
2831,0
5628,0
9767,2
6540,0
7521,0
7653,0
301,4
6794,0
5847,0
4282,0
3094,4
5728,4
12838,0
12438,0
10255,0
14913,3
9665,2
12125,2
7274,0
14658,2
5417,0
4589,0
11419,0
3328,4
5404,0
14371,3
4974,4
13751,1
2548,0
3208,3
1736,0
13417,3
4533,0
12173,0
13843,0
10975,2
6208,0
3433,0
11047,0
2769,0
7340,1
8456,0
1964,4
6828,0
661,2
13940,0
7595,2
6286,0
6678,0
12629,0
13595,0
7180,0
8156,0
1087,2
9625,0
5098,0
8467,2
2196,2
14020,4
14327,4
7445,0
3222,1
2743,2
10340,3
10836,0
8453,0
8471,0
11331,0
10838,3
13117,0
11722,2
5031,1
9577,0
11438,2
11522,0
3431,0
10962,1
7078,1
11231,0
13172,0
1462,2
1799,2
13536,2
1105,2
11264,1
11788,2
9527,0
14632,0
6631,2
5372,1
2924,1
7920,1
7342,0
2838,4
4819,0
2111,4
6557,1
5850,3
7815,4
12947,1
3182,4
14369,0
6189,0
4378,0
1099,0
5,0
9199,0
13086,4
8931,0
4644,0
4964,3
12479,2
12933,0
5078,1
5589,3
1378,1
11823,3
5102,4
1844,1
9847,4
7268,1
1224,3
9335,2
6842,0
12407,0
11029,4
7792,0
11337,4
7472,1
13376,0
464,0
5263,4
2283,0
14418,1
4455,0
10378,0
7059,0
11711,0
12174,0
8195,0
7333,3
6789,0
12307,0
8283,1
6472,4
6832,0
10152,2
5630,0
10459,3
2651,0
9008,2
13226,0
8226,4
248,3
8515,1
3804,0
4855,2
1983,0
7622,0
1008,0
10316,0
10925,0
11103,0
2613,0
5527,3
5298,0
779,4
5084,0
11992,1
2132,0
7667,0
11588,0
14193,0
2562,0
10123,0
5125,0
11675,0
9325,0
5383,0
121,4
6657,3
7202,0
6124,4
3626,0
10706,0
11435,4
2434,2
14862,4
1554,0
10484,0
7597,0
13630,0
1885,0
6235,0
314,1
12899,1
10645,4
1655,0
1867,0
2758,2
2735,1
9745,4
14224,0
13619,4
3932,2
5817,4
2793,0
12631,0
2532,2
574,3
7422,3
4392,0
13000,3
12666,0
7205,1
10924,3
6801,1
1360,0
1596,0
12110,3
12569,4
9523,0
4943,0
5070,0
897,1
12130,2
13986,0
1861,4
10204,2
14822,2
12085,1
6601,0
2219,3
4385,2
10947,1
2578,2
6972,0
13866,0
11363,0
13006,0
7454,0
13010,0
7236,2
2354,4
5606,1
6068,0
10698,4
4698,0
7674,1
1753,0
4270,0
8512,4
14954,4
12937,2
5136,0
11432,1
9550,2
4747,0
207,0
6379,0
6230,0
2429,0
1823,2
6745,1
13604,0
14611,0
8342,0
14923,0
8643,0
4173,1
337,0
5880,0
3446,0
10490,1
5123,4
655,2
1833,0
12720,2
13529,0
2484,4
2916,0
3734,0
5250,1
12065,1
541,1
12593,0
504,1
2648,4
11165,0
14633,4
10418,0
13452,0
6169,0
10538,0
2832,3
13585,0
9661,0
10086,0
3292,3
2252,4
5616,2
14823,2
10545,0
8934,4
9540,0
14479,4
5258,0
8625,4
10747,2
9243,0
12390,3
292,0
7042,0
11594,0
1695,0
8002,0
9167,0
5364,2
5384,2
11122,1
1830,0
10853,4
11979,0
11792,3
6025,0
9077,0
2529,0
12330,0
12565,0
6665,4
4866,3
11701,0
7673,3
8569,2
803,2
4017,1
13705,4
14570,0
8633,2
12832,0
6271,0
4556,1
12093,4
8081,2
11279,2
11826,0
9666,0
978,3
8758,3
1070,2
6244,4
14833,0
12328,0
11472,1
14740,2
67,2
8366,2
10253,4
4044,0
4586,0
11529,0
12709,2
11494,0
12202,0
2557,1
6373,0
11777,0
7315,0
5244,0
434,4
4437,0
8615,0
14426,0
12381,0
9185,1
14606,2
4402,0
13601,2
4165,0
1010,2
14566,1
1047,4
13827,0
10805,0
1171,0
7043,1
2291,1
10325,2
9150,0
3375,1
9001,0
1478,0
3693,0
7563,0
12476,0
4472,3
947,0
4894,0
9589,0
10138,1
1026,2
9391,0
2124,0
9823,3
12340,4
6497,4
13530,0
8267,0
7922,0
1555,0
4102,2
14790,2
3178,4
3820,0
519,0
5600,0
5135,0
4652,0
3705,0
8894,0
11807,3
13732,1
2338,0
5749,2
1876,2
9450,0
4302,0
1584,0
10249,0
11119,1
97,1
4546,0
13447,4
275,0
701,1
2325,0
10282,1
10405,1
9903,0
10033,0
12376,1
6001,0
13378,2
9227,2
4400,1
8985,4
2841,1
10695,2
7986,2
12032,1
2815,1
9377,0
118,0
6855,0
13712,0
9652,4
9643,1
2237,1
14472,0
11355,2
2201,2
3329,2
10883,0
8071,1
12175,0
250,4
14912,4
10476,2
281,0
9628,0
3377,3
5609,2
9036,2
11393,0
13139,0
11166,4
6964,1
1404,1
12690,0
11105,3
5212,0
4215,2
10168,0
1922,0
1120,0
9473,0
6376,0
11672,2
4120,1
10890,0
9849,4
10511,0
958,3
1054,0
4952,1
11973,2
3442,2
9385,2
13340,3
13502,2
4628,2
9500,0
88,1
11870,0
9083,1
14623,0
9997,0
13250,1
12584,4
1800,0
12439,1
10043,3
13102,0
14765,3
3981,4
10555,2
1731,1
158,0
12230,1
7559,3
6898,0
3897,1
12707,0
4205,2
247,0
14138,0
9208,0
6521,4
6215,4
6589,3
12011,0
2216,0
8474,3
6649,0
4707,0
13851,0
8087,1
13694,2
13739,2
8558,0
2513,2
1936,2
11141,0
1826,0
14824,2
1509,0
6155,0
6618,0
10157,1
1243,0
1728,3
12349,1
14240,0
47,4
5214,1
10719,0
4886,4
8792,1
1625,0
4091,0
12820,2
462,3
7764,0
3203,0
11537,2
773,0
5888,0
4616,4
11356,2
270,1
14416,0
10959,0
1588,0
6089,2
13656,0
7335,0
1564,0
14984,4
14710,2
689,0
425,0
14128,0
9717,1
14773,0
12954,1
12957,4
10506,4
756,2
7064,2
3133,4
14186,0
3754,1
9723,1
7611,2
18,0
14859,0
14691,0
2820,0
7964,2
5468,0
7935,0
1788,1
3351,0
5169,1
569,1
8015,0
8404,1
10882,0
9551,1
1328,4
9097,0
7826,0
130,0
13663,0
12338,0
14319,0
11741,2
8159,4
5498,4
8077,3
7583,3
9247,1
561,0
12664,0
10614,1
14269,0
10515,1
6078,0
7127,0
7664,3
4234,0
8260,3
9826,1
12283,4
4297,0
13443,4
4925,0
12138,0
1621,2
7605,0
13135,3
14363,0
9809,1
13382,0
5185,0
7083,0
9978,0
13486,0
11998,4
8245,0
13687,0
936,0
5843,0
8701,2
7363,0
13364,0
9054,3
7562,1
5395,4
6395,0
14674,0
7715,1
745,1
2244,3
11584,1
13747,0
5026,1
2021,0
10070,4
3669,1
14038,3
9195,0
2439,4
2723,0
14271,2
7436,0
3793,1
3345,3
2312,0
2936,1
4354,0
3731,0
3130,1
3379,1
7035,1
4936,1
3955,0
13344,0
8258,2
8509,4
10746,0
6741,4
6508,0
1711,1
9091,0
238,1
9292,0
11999,3
13621,0
1591,0
7670,0
5939,0
6882,1
7208,0
9759,0
8270,2
2593,0
2408,0
14481,1
12537,0
3678,3
5342,0
3336,3
9881,0
6936,3
5028,0
3928,4
1466,2
8548,0
8722,1
10840,4
3409,0
10508,2
560,3
11558,0
7120,4
3803,4
14177,0
8409,0
4072,0
6777,0
1407,0
2604,4
7553,0
11323,2
13568,2
6890,0
3497,1
14500,0
13809,0
9541,1
4581,0
11060,0
5561,3
11457,0
8612,0
5822,0
6308,0
3297,4
1077,0
6190,4
6355,2
25,4
6263,0
13057,0
13904,0
8696,0
2933,1
10860,0
6708,1
86,0
12506,1
7997,1
12262,4
3997,4
8297,3
7121,2
10567,2
795,0
5711,4
1530,0
11117,0
13519,4
4133,0
5009,0
13107,0
8622,4
387,4
9180,4
5368,0
12421,0
14583,0
8937,2
8805,0
5354,0
12969,1
6698,1
5694,0
12288,0
14781,0
13201,1
13147,0
1953,0
8014,4
3609,0
134,2
9930,1
3694,3
9839,0
8040,2
2028,4
10661,4
2603,0
14450,4
10977,3
10132,0
3398,0
2660,0
5718,2
14692,1
8201,1
3780,0
14437,0
3733,0
8339,0
6091,0
10903,0
4911,0
6505,1
9786,2
14948,0
6609,4
8670,1
5685,0
11322,2
8577,1
14654,0
4090,0
10894,0
14349,2
12800,0
2037,0
11350,4
3816,0
12826,0
7845,0
8070,0
7437,2
6808,4
494,0
12734,0
12560,0
3406,0
13557,2
11410,0
4634,1
9644,2
9329,4
5756,3
8527,0
11354,3
259,1
3453,1
3194,2
14148,0
14955,1
11863,1
9937,2
13823,0
433,4
4512,3
7919,0
1656,1
8441,4
10024,3
13098,1
13164,0
3762,1
12834,0
9421,2
13273,0
1712,0
13461,0
363,0
2828,0
9498,4
13346,0
5299,4
1819,3
3489,4
9957,0
9728,4
6012,1
14994,4
3190,1
1475,1
7125,3
6722,1
12930,0
9750,0
13934,0
10895,3
7785,2
4672,0
12783,0
3252,0
1380,0
7914,0
5594,4
14827,0
14155,0
2308,0
9619,4
12855,0
2978,1
313,0
4106,3
10927,0
7017,0
11342,4
6403,0
4950,0
7053,1
9725,2
1032,0
13525,3
14568,2
10552,0
8708,0
6219,3
10194,0
1644,3
9068,4
14700,2
2821,0
1536,1
7090,4
3504,0
3209,0
13081,0
6809,0
5487,1
7065,0
5703,2
4377,1
13372,0
9692,0
2766,2
4576,2
2364,0
3405,2
12544,0
5043,0
1534,0
979,2
10440,0
5731,0
14537,4
5314,4
5467,0
10723,0
1343,0
14087,1
1111,1
3606,0
6467,4
14613,4
13243,3
3261,0
4777,1
43,0
7951,4
1626,0
12580,4
6881,2
5639,3
7398,4
8878,4
7902,0
9213,4
524,0
1420,4
5675,0
14006,0
2587,1
1641,0
6923,0
4008,1
7773,1
11531,1
7057,1
9088,0
7242,0
14513,0
4901,1
5620,0
7070,2
7866,0
13073,0
9982,2
13438,0
12268,0
8121,0
12043,0
5761,1
3730,0
10009,0
7442,0
8426,4
3223,1
11456,0
7066,2
3302,4
7408,0
14360,0
1246,0
5651,2
7018,1
9512,4
10790,1
6386,1
514,2
6786,4
8135,4
7424,0
9874,4
5596,1
9942,0
729,1
4094,0
13642,0
14442,1
848,4
14288,4
13781,3
4082,0
6095,2
5766,4
6336,3
1039,1
7948,3
3204,1
7010,3
7453,0
12677,0
7661,0
6879,0
2716,0
11650,2
764,0
14931,1
5375,3
13192,0
2311,0
1651,1
10171,0
14436,0
5262,0
13423,4
14407,0
3613,4
2136,0
7174,0
10697,1
5683,0
2387,0
9041,0
10914,0
11049,0
5228,1
8725,0
14846,1
14282,1
2262,3
931,0
4156,0
1878,3
8041,4
13354,0
1398,0
816,0
12785,0
12050,0
7697,4
6406,1
9593,0
13919,0
6051,3
9087,0
2317,0
6223,3
8050,0
5403,0
12257,0
13647,0
8587,0
28,4
485,0
14414,3
9021,0
824,2
3772,1
5400,0
7791,1
12346,4
5275,3
9136,0
8490,0
14272,0
375,2
10918,0
14906,4
5899,0
6564,0
8769,0
9629,0
7178,0
3510,1
988,1
11426,0
659,4
11541,0
3907,0
6320,0
2658,0
12936,1
4447,4
13067,0
7768,3
3683,3
2030,0
2969,2
9526,2
7692,4
9977,0
356,0
5666,0
6481,2
2477,4
12907,0
12080,2
12416,0
10324,4
1971,1
5516,0
3941,0
990,0
3199,4
3742,4
9833,2
11340,0
8042,1
4118,4
12393,4
7732,0
3938,0
11822,0
5471,2
9448,3
13935,0
9557,0
10135,0
3480,4
14264,1
14873,1
4840,0
8483,1
8219,3
8422,2
6942,0
2455,4
24,1
2970,4
3304,3
335,3
2116,0
12494,0
11118,1
2671,0
61,0
14972,0
10442,0
8963,1
8781,3
10124,2
5839,0
14934,0
11908,0
1154,0
3436,0
2092,0
2099,2
6762,4
3769,0
13878,4
7696,0
7685,1
7119,4
572,4
11128,2
2556,3
11866,0
6478,3
4214,0
422,0
626,0
6049,0
654,0
1185,0
12181,1
11765,0
2247,3
11442,0
7164,0
10058,3
1642,4
42,2
10988,0
5283,0
399,0
9976,1
4066,4
1214,0
9827,4
4539,0
2663,4
7656,0
12408,0
2340,1
6870,0
8570,0
1046,0
13213,2
5586,0
6310,0
13814,3
6163,2
14130,0
9802,0
14008,0
9895,0
9924,0
799,0
13070,2
1431,3
4752,0
5044,0
6278,0
7286,4
14054,0
2505,0
8049,1
12841,1
7822,0
14170,3
10035,3
12098,1
10445,4
5437,0
714,4
14813,0
7147,0
12741,4
178,0
2708,4
8841,0
4833,0
2385,2
8663,0
5006,0
11793,4
1572,3
2480,2
10376,0
7019,4
12048,3
11487,3
7075,4
12500,4
8147,4
4213,2
8364,0
1102,0
8671,0
12550,2
11648,1
8783,3
4170,0
11589,2
1659,4
719,0
10199,0
10455,2
9474,3
6121,0
4863,2
9275,0
14495,0
5007,0
6650,3
4677,1
4416,0
7244,0
6702,1
6097,1
6554,0
9824,1
8583,0
7464,3
9019,0
13650,0
3697,0
8249,0
14115,0
3822,0
9198,2
10251,2
8163,2
3378,3
5660,0
13767,0
10139,3
3858,4
13632,0
2034,1
5522,2
5319,4
985,4
12132,0
11937,0
8347,1
9156,0
266,0
5556,4
13128,0
2054,2
2870,0
9076,0
14591,2
10893,2
12055,0
6532,0
10802,0
13316,0
11960,0
11525,0
13453,4
7094,0
8227,0
9912,3
3006,0
13362,0
9776,4
12154,4
7627,0
8828,0
10793,0
9785,3
11835,0
1447,1
8626,1
4760,0
10570,0
953,1
3554,0
7859,1
8432,0
7827,0
11072,0
11523,0
3886,4
12946,2
7854,0
13944,1
12359,0
14203,2
12715,0
7241,0
11862,1
1145,4
9479,0
11061,0
10600,1
1197,1
1906,0
13429,0
14672,0
4107,2
5967,2
14655,0
7309,0
6282,0
2730,1
7643,4
14346,0
6435,0
10364,4
14805,0
4795,0
11336,0
4445,3
7780,1
5325,0
11497,0
4868,4
495,0
10744,0
14969,1
4048,3
8652,4
14556,3
2215,0
10505,1
10690,1
3217,2
3531,4
10885,0
1262,0
6803,0
4708,2
13682,0
1424,4
9134,0
12163,1
7154,0
5704,1
10471,0
11946,0
6776,2
11370,0
14679,0
10510,0
8531,2
10475,2
12619,2
11133,0
6883,4
7020,0
4675,0
9813,3
4046,0
12466,0
14627,2
6985,0
10869,0
6338,0
8184,0
4966,0
3559,1
6967,0
4962,2
3338,1
7031,0
12201,0
13071,0
11327,0
4918,0
12394,0
11088,0
12372,0
14309,0
2319,4
7748,4
6307,2
5857,0
6,0
3397,0
7494,1
10487,0
7307,0
4244,0
9835,4
516,3
7804,0
8888,1
8983,0
5821,4
9328,3
6937,0
10329,0
5414,0
10027,0
3091,0
14755,4
4654,0
9645,2
13981,0
455,1
14132,0
14864,2
14793,0
11528,1
1847,1
5130,0
5150,0
10094,3
4789,4
3056,4
11851,0
4547,0
10970,0
5638,4
9146,0
8604,0
5534,4
6793,4
2279,0
5294,4
14262,0
834,0
5687,0
2834,4
4341,0
8767,4
9319,0
11812,2
2057,3
10114,0
13799,0
14291,0
9084,1
6335,0
2955,1
7619,3
4927,1
8181,2
8304,1
8274,4
13437,2
11290,0
3673,0
9241,0
9606,4
7381,0
13048,4
1416,4
4540,4
879,1
6008,2
1307,2
10143,3
640,0
5632,0
2405,0
9984,1
2294,0
6438,0
8264,4
11247,3
1100,0
6458,3
6693,2
817,4
2965,2
6118,0
13196,4
427,2
6011,0
13140,0
12314,4
5423,0
5422,1
2130,0
11427,3
8435,0
5345,4
4982,2
8535,0
14104,3
11814,4
7967,0
6023,2
10441,0
6411,3
13840,0
790,0
4175,4
421,0
1057,2
13304,2
9975,4
503,3
10089,0
8281,0
526,0
33,0
14123,0
11058,0
14215,0
2328,0
2873,1
5803,0
6910,0
8853,4
6534,4
3826,4
4331,4
13439,1
1177,1
9219,0
371,0
3020,1
9462,0
14072,0
9070,2
10984,0
12854,0
194,0
110,0
12534,4
1252,4
14902,0
5706,0
2689,2
7295,0
9200,0
11785,2
13166,4
11798,1
1129,1
1935,0
4829,3
2188,2
786,4
8774,0
9599,2
6387,3
9312,0
636,2
3587,0
13537,0
12273,2
9907,0
1682,1
10543,4
3305,0
9517,0
6535,4
9943,1
8687,1
13915,0
8844,2
7995,1
14249,0
2525,0
1780,0
4870,1
13005,0
567,0
7683,1
8699,3
14983,4
39,2
805,0
6931,4
4831,0
13097,3
4375,4
9055,0
5251,0
4284,0
9120,0
9856,0
3445,4
10232,0
14071,1
1196,0
4154,0
11233,3
9916,2
12279,0
9226,0
1464,4
7694,4
11059,4
12528,0
13154,4
6592,0
3110,1
6821,0
1915,0
1674,2
12745,4
1337,4
7650,3
2096,1
5775,0
4125,0
4994,0
3321,0
7840,0
12660,1
6792,0
14102,3
12432,1
2251,0
1031,0
4878,0
10286,3
967,0
13019,0
3493,4
1298,1
9848,0
2192,4
2498,4
12409,1
11287,0
13818,3
2022,4
8786,2
4097,2
1853,0
12429,1
7786,0
6042,2
40,1
12974,1
2450,4
3486,3
3364,0
14489,0
12523,4
6909,2
12156,4
11453,0
7875,1
5701,0
8407,1
2050,1
6962,1
3106,1
13069,0
14721,1
11090,2
7561,0
13728,1
7311,3
11503,3
10072,2
8586,4
6971,2
11581,0
1643,0
2750,1
13062,4
9135,2
10905,4
9420,0
4117,1
4818,0
413,3
6400,3
6228,2
13260,0
1829,0
11266,4
5785,2
7530,2
11042,1
14372,0
10526,0
7737,0
4006,0
14047,4
13221,4
12225,0
1263,0
1818,0
1765,0
726,1
5200,0
10454,0
9803,1
10872,2
2558,4
11328,3
3956,1
2576,0
11897,4
6407,0
2080,0
12673,1
10349,0
8563,1
5779,0
11694,0
2432,3
7320,1
2160,3
8450,1
8984,0
14560,0
350,4
2734,4
2374,0
12527,0
9117,2
2594,2
9960,4
3324,0
12236,1
5893,3
8662,2
9929,2
1025,0
4271,0
6248,0
9317,1
13150,3
5399,0
3682,2
5439,0
9798,0
12984,0
8023,4
7841,1
9264,3
8637,0
12039,3
2357,3
4088,1
4115,0
1288,0
2984,0
7129,0
4712,0
14927,0
3691,3
10285,2
12113,0
13517,1
8461,0
2941,4
6696,0
10788,0
3327,0
605,0
4266,2
8174,0
14037,0
11817,0
3100,0
4460,4
9174,4
10181,2
202,4
7978,4
13953,0
6933,0
4508,0
6672,0
9177,0
6645,4
1812,2
3821,0
4975,0
8516,1
3307,1
7652,2
1747,0
2427,4
8072,1
10633,0
12368,0
651,0
3519,1
3681,0
10238,0
1897,0
8420,1
3617,2
2621,0
10758,2
6408,0
10513,4
11137,0
3993,2
9389,1
2104,4
4196,0
1702,1
13566,3
14839,0
3727,4
6037,0
7373,2
1237,1
6862,2
14677,0
4235,0
6949,4
5875,1
5714,0
1388,2
8026,1
13658,1
10382,4
13695,0
9594,0
9719,4
1974,0
6853,0
7401,2
11803,4
14689,1
6357,0
9490,2
6319,3
1413,0
12109,4
14099,4
7829,4
7598,0
10406,2
3650,0
1981,0
5574,3
1016,0
9859,3
6442,4
2866,0
7458,4
4024,2
3144,4
4494,2
7582,0
9819,3
13425,4
6242,0
5931,0
1911,0
4063,2
5147,4
6529,2
7910,0
7014,4
8100,1
14673,0
5842,3
13380,4
1776,4
5083,0
3074,1
5963,4
7419,2
12,4
13826,3
3741,0
8900,0
2470,0
10849,4
6378,2
3735,1
8393,0
11930,0
461,0
9323,0
3909,3
13676,0
4162,4
7668,4
2623,0
14550,0
13645,0
2445,0
14256,0
1732,3
4786,3
9735,0
4827,0
6748,0
2360,1
10688,0
6948,4
9744,4
9999,4
1603,1
14937,0
5222,1
13957,0
14278,0
14826,1
7073,0
12259,0
7830,0
13708,0
1013,3
12470,1
10162,4
721,0
9232,0
4590,0
2647,3
606,0
3045,2
11202,0
2175,4
624,0
861,1
9675,0
877,1
8544,0
6887,0
10310,0
3150,4
6641,4
13207,0
13980,1
10986,1
13528,0
13305,0
10040,4
11087,0
7142,4
13665,2
2320,0
9214,0
4847,0
11513,1
9756,0
1781,3
13228,3
13259,2
3456,2
1810,0
12909,0
12513,1
113,0
6450,0
11800,0
1397,3
7260,4
14982,0
4210,3
2098,2
13175,4
14843,3
6912,0
13222,1
10579,0
7744,0
14441,2
13002,3
447,0
9878,0
8078,0
5268,0
13241,4
14971,4
9991,0
5525,0
12791,2
6293,3
5571,4
14768,0
9727,0
305,0
13994,4
10980,0
14573,0
6333,0
9298,0
8766,0
7706,0
1679,2
3017,0
1939,0
1560,0
9086,0
3082,0
9893,0
4916,0
12892,3
798,4
10933,2
1353,2
6273,0
2465,0
6880,0
1113,0
12536,4
2126,1
8210,2
12914,1
14886,2
13061,3
14749,1
6616,2
1685,0
9633,2
2673,4
2351,0
9854,3
11365,3
1012,0
13622,1
3760,2
3528,0
9406,1
252,3
3890,2
2759,0
9664,2
12962,0
5524,0
285,0
2642,1
13178,2
1863,0
10041,0
6556,2
14139,2
12766,0
2284,0
10491,4
10580,0
7314,0
9615,0
1115,0
4852,2
2549,2
8241,1
1500,0
5720,4
7669,1
14415,0
2275,3
870,1
14201,0
2090,0
4192,0
2809,0
8704,4
142,4
7548,1
7800,0
6627,0
7365,0
8193,1
11920,0
9336,0
8018,0
2048,3
14233,0
1827,2
8959,0
2812,1
9466,0
6209,0
4084,0
8390,2
1986,1
13428,4
13232,0
2983,2
9598,0
12331,0
13041,2
12387,2
9668,0
9403,3
2087,3
7,0
13487,2
11547,0
5335,1
3843,1
5465,4
10174,0
269,1
11536,0
13119,1
5012,0
4798,1
12989,0
8054,1
677,1
7482,0
3994,1
1896,2
2996,4
583,0
14584,4
5547,0
6859,0
6470,1
8232,3
8759,2
10435,4
10230,2
12139,0
11448,0
7832,3
13199,1
10483,1
3857,0
4360,1
11695,0
6460,1
11943,4
7497,0
9962,4
1605,0
13118,1
10125,3
4070,0
9368,0
14963,0
1215,2
3699,0
9554,4
7279,4
14738,2
5355,0
3808,1
12219,0
3104,4
13857,1
5426,1
8879,4
13932,0
5037,0
8055,4
1866,0
2833,4
13092,0
5024,1
7788,4
2355,0
9123,4
5082,0
6920,0
13407,1
3524,4
6084,4
9693,0
3249,0
12059,1
11044,0
8230,0
13612,1
7230,4
1168,1
2049,1
2676,0
12112,0
6465,2
10239,0
4114,1
14574,0
1860,0
10001,2
6466,0
9098,0
9494,0
12877,0
9906,0
8887,0
12083,3
3111,0
644,1
6986,4
14780,4
13473,3
6343,0
13982,1
7480,0
3983,0
7774,2
6827,0
772,3
12077,0
2863,1
4202,1
12742,3
9147,3
10643,0
14028,2
6788,0
14562,0
8082,4
7924,0
13972,0
14197,1
2125,0
8588,1
10133,2
12232,2
9679,1
6428,0
12604,1
2856,0
6108,0
9647,2
2146,2
1188,0
4432,3
11371,2
11491,0
4317,0
8038,4
8305,2
7039,4
6659,2
9361,0
2524,4
7049,3
7341,4
7954,0
12486,2
11366,0
8776,0
4207,2
6332,1
5432,4
10641,1
7011,1
11270,1
4361,2
2336,4
5050,1
6072,3
753,0
14919,1
7022,4
11651,0
1062,2
6720,0
1522,0
3050,1
2520,2
2745,3
13501,4
2229,1
8136,0
4067,1
6434,0
9965,0
8780,0
3229,0
7023,1
8271,0
5934,0
13754,2
8212,3
9689,0
14694,0
12994,0
9152,3
14209,4
11246,3
2533,0
303,1
12529,2
8859,4
3807,2
11375,2
14461,0
12296,4
11210,0
3661,0
13599,4
4340,0
7933,0
2068,0
13385,0
8336,0
7199,0
11542,0
971,0
4179,0
6418,0
70,0
3883,0
10385,0
10730,0
10237,3
9369,2
5259,4
10415,2
10547,0
7820,4
3953,2
7240,1
3605,0
4491,0
2702,3
9488,0
12956,0
1317,4
8480,0
14395,1
542,0
6608,0
5633,1
418,0
3544,4
1163,4
8592,0
6029,4
2287,3
10638,0
596,0
10888,1
12241,1
8623,0
4126,0
4203,1
12170,0
5956,0
4521,0
445,4
8308,1
1460,1
6315,4
7028,4
12061,4
7742,1
5855,2
14118,2
2865,0
4178,1
2817,1
11436,0
14019,4
10677,0
5436,2
3967,0
1689,0
2038,0
13755,1
14663,4
3568,0
2700,0
14644,4
12379,0
6723,0
5777,4
728,3
13035,0
13234,0
10991,0
8660,0
11715,4
2451,1
4379,1
6615,0
10651,0
1018,4
41,2
4232,4
1692,3
14226,1
12250,2
7906,0
5427,1
7552,0
7330,2
2217,3
13678,1
10756,2
11459,0
2552,4
10107,4
12934,0
1432,4
12740,4
1417,3
9311,2
11923,0
2609,0
9027,2
1775,0
13522,1
5000,0
10909,3
12440,4
2641,2
9375,0
9364,2
7726,4
6682,0
4220,0
7639,0
1760,1
5180,0
12302,3
11306,0
7221,0
13626,4
1220,2
6360,4
5097,1
6331,1
14080,0
1458,1
14754,2
7649,3
13593,4
12495,4
8137,0
5090,0
14725,4
8763,1
13620,0
10896,1
13239,4
12889,2
6947,0
11140,2
704,1
473,0
12973,3
12944,1
5497,0
10957,0
2577,2
1130,4
4771,4
8266,0
5073,4
10170,0
13342,0
13016,4
12386,3
4258,4
12400,0
6624,1
14222,0
699,2
14340,0
7091,2
8734,0
11917,0
6703,0
8285,0
1448,2
815,0
2389,4
2956,2
2703,1
6799,0
11181,4
5938,1
12121,1
10961,0
5477,0
4845,4
14277,1
5948,1
1948,0
9510,0
10609,2
11751,0
10532,4
11610,0
2331,0
12935,2
10794,0
5858,0
11759,0
10408,0
170,4
5661,3
711,1
7186,0
9165,2
10623,0
6558,0
12151,0
7108,2
3122,0
4548,0
1990,2
9251,0
12460,0
10410,0
4,0
7126,2
3961,0
1767,0
7941,1
9804,0
11416,3
607,0
4602,2
679,4
5659,3
13850,4
10684,0
3500,0
14024,4
1805,1
14736,0
8668,4
13947,0
11144,1
7672,4
1841,2
13605,2
10293,0
4132,4
8207,2
8911,0
5975,2
6046,2
2976,0
5971,0
9579,1
6281,4
5032,2
14266,1
5741,1
3236,0
1146,1
9014,2
10830,0
6140,0
12746,4
12885,4
13570,4
4538,0
5515,0
12769,3
12020,0
4353,1
7361,0
1514,4
351,2
3432,4
7169,0
9020,4
10971,0
4792,2
8487,0
2162,0
12514,4
5836,0
11113,3
35,0
14742,4
11460,2
277,0
11752,2
9891,4
14986,4
9092,0
8312,0
9522,0
11056,0
10007,0
1436,0
3395,1
9005,0
6709,4
11871,0
1489,2
14147,0
5617,0
2843,4
5145,1
7616,3
3813,0
11100,4
6099,0
12628,2
1764,0
14143,0
5374,3
2407,4
1524,2
295,0
14287,0
7157,0
14850,1
9837,3
7711,1
14757,0
1678,4
10835,0
7524,1
10848,0
5225,0
13942,1
13049,0
13892,0
3177,0
8044,1
3641,4
6734,0
6587,0
9734,0
6938,1
12226,0
783,3
7134,0
2543,4
2422,2
11452,1
5727,2
2624,0
12760,4
11190,1
8447,0
6906,0
10574,0
5059,2
3257,1
9771,0
239,0
13350,3
10078,0
8872,4
1084,0
10560,2
10919,0
13893,2
7444,4
12324,4
5100,2
14377,1
2348,1
5231,4
13308,4
2964,2
13457,0
3501,2
2363,4
2595,1
10910,0
394,0
7811,3
9570,2
5388,0
11424,3
7114,4
10780,1
10038,0
3461,4
555,2
10248,1
10008,1
14259,4
1175,0
11239,3
13898,0
11194,0
2392,0
10904,2
13581,1
2720,0
12870,4
1862,0
8803,0
562,4
9949,0
10478,3
7825,0
12188,0
9552,0
3373,0
13785,2
5837,0
8546,4
14646,2
11976,2
9277,2
13492,1
8240,2
4276,3
16,0
4303,0
1290,3
4871,0
11255,0
4169,4
10854,4
9161,0
4705,1
9412,4
12940,1
10773,0
540,2
5016,0
3087,2
14344,0
7952,1
7173,0
1347,0
11682,4
4983,0
6791,2
14527,0
11447,4
2307,1
7034,0
4393,0
12281,0
8579,4
1419,3
14250,1
14802,0
7500,4
6224,4
709,0
450,0
14860,2
13252,0
7455,0
13281,0
8001,1
14420,0
3547,2
3028,2
8787,0
12075,0
9399,0
5287,3
6742,3
6441,0
5020,0
6956,1
633,0
13533,1
7391,3
5572,1
6175,0
1021,1
4193,0
2249,0
2747,2
3794,0
5240,2
10229,3
3729,4
13003,4
6813,0
7076,2
535,4
448,0
6267,0
12561,4
5969,2
11668,0
10261,4
11514,4
420,3
12022,3
11912,0
10341,0
10225,0
9663,3
9342,0
1184,0
6507,0
3198,0
4219,0
10004,0
1697,4
2101,0
8874,0
14671,3
12317,1
5808,4
9178,2
9707,2
12146,0
5413,3
10501,2
814,4
5393,0
3408,1
13946,0
4413,1
8292,0
4882,1
4171,0
4733,1
4729,0
4436,0
8384,3
14329,0
6805,2
4043,4
10361,0
8675,0
3176,1
7502,0
3262,0
2178,2
7987,1
8635,0
4620,4
5406,0
833,4
3318,0
5591,0
2573,1
1198,1
8351,0
6322,1
9518,0
9966,2
5713,0
13444,4
1249,4
8499,0
10871,0
3923,0
10944,1
1750,2
4411,1
10672,2
10774,0
14647,0
7143,1
14014,3
1963,0
14127,0
5120,2
6137,0
12805,0
7564,0
11496,0
8856,4
4937,0
7574,4
11780,0
